Workbook

Sheet Lists
A1: Relationship Status | B1: Lead Source | C1: Outreach Motion | D1: Opportunity Stage | E1: Outcome | F1: CASL Basis | G1: Next Action Type | I1: Metric Definition | J1: Definition
A2: Cold Prospect | B2: ACEC-Ontario | C2: Cold Outreach | D2: Potential Need Identified | E2: Open | F2: Express Consent | G2: Send Introduction | I2: Cold Outreach Reply Rate | J2: Replies / Cold outreach contacts
A3: Contacted | B3: LinkedIn Prospecting | C3: Event Outreach | D3: Qualification Conversation | E3: Won | F3: Existing Business Relationship | G3: Send Follow-up | I3: Meeting Conversion | J3: Meetings / Contacts reached
A4: Responded | B4: Conference | C4: Post-Event Follow-up | D4: Active Project Discussion | E4: Lost | F4: Existing Non-Business Relationship | G4: Schedule Meeting | I4: Opportunity Conversion | J4: Opportunities / Contacts reached
A5: Met | B5: Tradeshow | C5: Lead Nurture | D5: Proposal / RFP | E5: Delayed | F5: Conspicuous Publication / Role Relevant | G5: Send Case Study | I5: Win Rate | J5: Won / Decided opportunities
A6: Engaged | B6: Industry Event | C6: Opportunity Follow-up | D6: Decision Pending | E6: No Engagement | F6: Referral / Third-Party Introduction | G6: Personal Check-in | I6: Awareness-to-Opportunity | J6: First contact date to opportunity created date
A7: Potential Opportunity | B7: Referral | C7: Referral Relationship | D7: Won | E7: Not Interested | F7: Not Yet Determined | G7: Reconnect Later | I7: Opportunity-to-Decision | J7: Opportunity created date to decision date
A8: Active Opportunity | B8: Existing Contact | D8: Lost | F8: Do Not Contact | G8: Opportunity Follow-up | I8: Follow-up Completion | J8: Completed follow-ups / follow-ups due
A9: Dormant Opportunity | B9: Website Inquiry | D9: Delayed | G9: No Action | I9: Source Effectiveness | J9: Contacts → Meetings → Opportunities → Wins → Revenue
A10: Referral Source | B10: Other
A11: Client
A12: Closed / Do Not Contact

Sheet Lead Tracker
A1: PGGC Lead & Relationship Tracker
A2: Enter every relevant contact here. The critical operating rule is: every active relationship should have a Next Action and Next Action Date.
A4: Contact ID | B4: First Name | C4: Last Name | D4: Job Title | E4: Company | F4: Email | G4: LinkedIn URL | H4: Location | I4: Lead Source | J4: Specific Source / Event | K4: Referring Person | L4: Outreach Motion | M4: Relationship Status | N4: Date First Identified | O4: Date First Contacted | P4: Date First Met | Q4: Last Interaction Date | R4: Last Interaction Type | S4: Conversation Notes | T4: Next Action | U4: Next Action Type | V4: Next Action Date | W4: Owner | X4: CASL Basis | Y4: Email Source / Where Found | Z4: Consent / Basis Date | AA4: Unsubscribed? | AB4: Unsubscribe Date | AC4: Opportunity? | AD4: Opportunity ID | AE4: Estimated Opportunity Value | AF4: Outcome | AG4: Closed Reason | AH4: Last Updated | AI4: Days Until Next Action
A5: =IF(B5="","",ROW()-4) | AI5: =IF(V5="","",V5-TODAY())
A6: =IF(B6="","",ROW()-4) | AI6: =IF(V6="","",V6-TODAY())
A7: =IF(B7="","",ROW()-4) | AI7: =IF(V7="","",V7-TODAY())
A8: =IF(B8="","",ROW()-4) | AI8: =IF(V8="","",V8-TODAY())
A9: =IF(B9="","",ROW()-4) | AI9: =IF(V9="","",V9-TODAY())
A10: =IF(B10="","",ROW()-4) | AI10: =IF(V10="","",V10-TODAY())
A11: =IF(B11="","",ROW()-4) | AI11: =IF(V11="","",V11-TODAY())
A12: =IF(B12="","",ROW()-4) | AI12: =IF(V12="","",V12-TODAY())
A13: =IF(B13="","",ROW()-4) | AI13: =IF(V13="","",V13-TODAY())
A14: =IF(B14="","",ROW()-4) | AI14: =IF(V14="","",V14-TODAY())
A15: =IF(B15="","",ROW()-4) | AI15: =IF(V15="","",V15-TODAY())
A16: =IF(B16="","",ROW()-4) | AI16: =IF(V16="","",V16-TODAY())
... A304: =IF(B304="","",ROW()-4) | AI304: =IF(V304="","",V304-TODAY())

Sheet Opportunity Tracker
A1: PGGC Opportunity Tracker
A3: Opportunity ID | B3: Opportunity / Project | C3: Company | D3: Primary Contact | E3: Lead Source | F3: Date Opportunity Created | G3: Expected Project Timing | H3: Estimated Value | I3: Stage | J3: Proposal Requested? | K3: Proposal Date | L3: Decision Date | M3: Outcome | N3: Reason Won / Lost / Delayed | O3: Awareness-to-Opportunity Days | P3: Opportunity-to-Decision Days
A4: =IF(B4="","","OPP-"&TEXT(ROW()-3,"000")) | O4: =IFERROR(F4-INDEX('Lead Tracker'!$O$5:$O$304,MATCH(D4,'Lead Tracker'!$F$5:$F$304,0)),"") | P4: =IF(OR(F4="",L4=""),"",L4-F4)
A5: =IF(B5="","","OPP-"&TEXT(ROW()-3,"000")) | O5: =IFERROR(F5-INDEX('Lead Tracker'!$O$5:$O$304,MATCH(D5,'Lead Tracker'!$F$5:$F$304,0)),"") | P5: =IF(OR(F5="",L5=""),"",L5-F5)
A6: =IF(B6="","","OPP-"&TEXT(ROW()-3,"000")) | O6: =IFERROR(F6-INDEX('Lead Tracker'!$O$5:$O$304,MATCH(D6,'Lead Tracker'!$F$5:$F$304,0)),"") | P6: =IF(OR(F6="",L6=""),"",L6-F6)
A7: =IF(B7="","","OPP-"&TEXT(ROW()-3,"000")) | O7: =IFERROR(F7-INDEX('Lead Tracker'!$O$5:$O$304,MATCH(D7,'Lead Tracker'!$F$5:$F$304,0)),"") | P7: =IF(OR(F7="",L7=""),"",L7-F7)
A8: =IF(B8="","","OPP-"&TEXT(ROW()-3,"000")) | O8: =IFERROR(F8-INDEX('Lead Tracker'!$O$5:$O$304,MATCH(D8,'Lead Tracker'!$F$5:$F$304,0)),"") | P8: =IF(OR(F8="",L8=""),"",L8-F8)
A9: =IF(B9="","","OPP-"&TEXT(ROW()-3,"000")) | O9: =IFERROR(F9-INDEX('Lead Tracker'!$O$5:$O$304,MATCH(D9,'Lead Tracker'!$F$5:$F$304,0)),"") | P9: =IF(OR(F9="",L9=""),"",L9-F9)
A10: =IF(B10="","","OPP-"&TEXT(ROW()-3,"000")) | O10: =IFERROR(F10-INDEX('Lead Tracker'!$O$5:$O$304,MATCH(D10,'Lead Tracker'!$F$5:$F$304,0)),"") | P10: =IF(OR(F10="",L10=""),"",L10-F10)
A11: =IF(B11="","","OPP-"&TEXT(ROW()-3,"000")) | O11: =IFERROR(F11-INDEX('Lead Tracker'!$O$5:$O$304,MATCH(D11,'Lead Tracker'!$F$5:$F$304,0)),"") | P11: =IF(OR(F11="",L11=""),"",L11-F11)
A12: =IF(B12="","","OPP-"&TEXT(ROW()-3,"000")) | O12: =IFERROR(F12-INDEX('Lead Tracker'!$O$5:$O$304,MATCH(D12,'Lead Tracker'!$F$5:$F$304,0)),"") | P12: =IF(OR(F12="",L12=""),"",L12-F12)
A13: =IF(B13="","","OPP-"&TEXT(ROW()-3,"000")) | O13: =IFERROR(F13-INDEX('Lead Tracker'!$O$5:$O$304,MATCH(D13,'Lead Tracker'!$F$5:$F$304,0)),"") | P13: =IF(OR(F13="",L13=""),"",L13-F13)
A14: =IF(B14="","","OPP-"&TEXT(ROW()-3,"000")) | O14: =IFERROR(F14-INDEX('Lead Tracker'!$O$5:$O$304,MATCH(D14,'Lead Tracker'!$F$5:$F$304,0)),"") | P14: =IF(OR(F14="",L14=""),"",L14-F14)
A15: =IF(B15="","","OPP-"&TEXT(ROW()-3,"000")) | O15: =IFERROR(F15-INDEX('Lead Tracker'!$O$5:$O$304,MATCH(D15,'Lead Tracker'!$F$5:$F$304,0)),"") | P15: =IF(OR(F15="",L15=""),"",L15-F15)
... A203: =IF(B203="","","OPP-"&TEXT(ROW()-3,"000")) | O203: =IFERROR(F203-INDEX('Lead Tracker'!$O$5:$O$304,MATCH(D203,'Lead Tracker'!$F$5:$F$304,0)),"") | P203: =IF(OR(F203="",L203=""),"",L203-F203)

Sheet Weekly Follow-Up
A1: PGGC Weekly Business Development Review
A3: Weekly Question | B3: What to review | D3: Contact | E3: Company | F3: Status | G3: Next Action | H3: Next Action Date | I3: Days Until Due | J3: Owner
A4: 1 | B4: Who requires a follow-up this week? | D4: =_xlfn._xlws.FILTER(CHOOSE({1,2,3,4,5,6,7},'Lead Tracker'!B5:B304&" "&'Lead Tracker'!C5:C304,'Lead Tracker'!E5:E304,'Lead Tracker'!M5:M304,'Lead Tracker'!T5:T304,'Lead Tracker'!V5:V304,'Lead Tracker'!AI5:AI304,'Lead Tracker'!W5:W304),('Lead Tracker'!V5:V304<>"")*('Lead Tracker'!V5:V304<=TODAY()+14)*('Lead Tracker'!AA5:AA304<>"Yes")*('Lead Tracker'!M5:M304<>"Closed / Do Not Contact"),"No follow-ups due in the next 14 days") -> No follow-ups due in the next 14 days
A5: 2 | B5: Who has gone quiet?
A6: 3 | B6: What events are approaching?
A7: 4 | B7: Who should Angel meet there?
A8: 5 | B8: Have any conversations become genuine opportunities?

Sheet Dashboard
A1: PGGC Lead Generation & Nurture Dashboard
A3: Core KPI | B3: Value | D3: Lead Source | E3: Contacts | F3: Meetings / Engaged | G3: Opportunities | H3: Won
A4: Total Contacts | B4: =COUNTIF('Lead Tracker'!B5:B304,"<>") -> 0 | D4: ACEC-Ontario | E4: =COUNTIF('Lead Tracker'!I5:I304,D4) -> 0 | F4: =COUNTIFS('Lead Tracker'!I5:I304,D4,'Lead Tracker'!M5:M304,"Met")+COUNTIFS('Lead Tracker'!I5:I304,D4,'Lead Tracker'!M5:M304,"Engaged")+COUNTIFS('Lead Tracker'!I5:I304,D4,'Lead Tracker'!M5:M304,"Potential Opportunity")+COUNTIFS('Lead Tracker'!I5:I304,D4,'Lead Tracker'!M5:M304,"Active Opportunity") -> 0 | G4: =COUNTIF('Opportunity Tracker'!E4:E203,D4) -> 0 | H4: =COUNTIFS('Opportunity Tracker'!E4:E203,D4,'Opportunity Tracker'!M4:M203,"Won") -> 0
A5: Contacts Met | B5: =COUNTIF('Lead Tracker'!M5:M304,"Met")+COUNTIF('Lead Tracker'!M5:M304,"Engaged")+COUNTIF('Lead Tracker'!M5:M304,"Potential Opportunity")+COUNTIF('Lead Tracker'!M5:M304,"Active Opportunity") -> 0 | D5: LinkedIn Prospecting | E5: =COUNTIF('Lead Tracker'!I5:I304,D5) -> 0 | F5: =COUNTIFS('Lead Tracker'!I5:I304,D5,'Lead Tracker'!M5:M304,"Met")+COUNTIFS('Lead Tracker'!I5:I304,D5,'Lead Tracker'!M5:M304,"Engaged")+COUNTIFS('Lead Tracker'!I5:I304,D5,'Lead Tracker'!M5:M304,"Potential Opportunity")+COUNTIFS('Lead Tracker'!I5:I304,D5,'Lead Tracker'!M5:M304,"Active Opportunity") -> 0 | G5: =COUNTIF('Opportunity Tracker'!E4:E203,D5) -> 0 | H5: =COUNTIFS('Opportunity Tracker'!E4:E203,D5,'Opportunity Tracker'!M4:M203,"Won") -> 0
A6: Active Opportunities | B6: =COUNTIF('Opportunity Tracker'!M4:M203,"Open") -> 0 | D6: Conference | E6: =COUNTIF('Lead Tracker'!I5:I304,D6) -> 0 | F6: =COUNTIFS('Lead Tracker'!I5:I304,D6,'Lead Tracker'!M5:M304,"Met")+COUNTIFS('Lead Tracker'!I5:I304,D6,'Lead Tracker'!M5:M304,"Engaged")+COUNTIFS('Lead Tracker'!I5:I304,D6,'Lead Tracker'!M5:M304,"Potential Opportunity")+COUNTIFS('Lead Tracker'!I5:I304,D6,'Lead Tracker'!M5:M304,"Active Opportunity") -> 0 | G6: =COUNTIF('Opportunity Tracker'!E4:E203,D6) -> 0 | H6: =COUNTIFS('Opportunity Tracker'!E4:E203,D6,'Opportunity Tracker'!M4:M203,"Won") -> 0
A7: Pipeline Value | B7: =SUMIF('Opportunity Tracker'!M4:M203,"Open",'Opportunity Tracker'!H4:H203) -> 0 | D7: Tradeshow | E7: =COUNTIF('Lead Tracker'!I5:I304,D7) -> 0 | F7: =COUNTIFS('Lead Tracker'!I5:I304,D7,'Lead Tracker'!M5:M304,"Met")+COUNTIFS('Lead Tracker'!I5:I304,D7,'Lead Tracker'!M5:M304,"Engaged")+COUNTIFS('Lead Tracker'!I5:I304,D7,'Lead Tracker'!M5:M304,"Potential Opportunity")+COUNTIFS('Lead Tracker'!I5:I304,D7,'Lead Tracker'!M5:M304,"Active Opportunity") -> 0 | G7: =COUNTIF('Opportunity Tracker'!E4:E203,D7) -> 0 | H7: =COUNTIFS('Opportunity Tracker'!E4:E203,D7,'Opportunity Tracker'!M4:M203,"Won") -> 0
A8: Won Opportunities | B8: =COUNTIF('Opportunity Tracker'!M4:M203,"Won") -> 0 | D8: Industry Event | E8: =COUNTIF('Lead Tracker'!I5:I304,D8) -> 0 | F8: =COUNTIFS('Lead Tracker'!I5:I304,D8,'Lead Tracker'!M5:M304,"Met")+COUNTIFS('Lead Tracker'!I5:I304,D8,'Lead Tracker'!M5:M304,"Engaged")+COUNTIFS('Lead Tracker'!I5:I304,D8,'Lead Tracker'!M5:M304,"Potential Opportunity")+COUNTIFS('Lead Tracker'!I5:I304,D8,'Lead Tracker'!M5:M304,"Active Opportunity") -> 0 | G8: =COUNTIF('Opportunity Tracker'!E4:E203,D8) -> 0 | H8: =COUNTIFS('Opportunity Tracker'!E4:E203,D8,'Opportunity Tracker'!M4:M203,"Won") -> 0
A9: Won Revenue | B9: =SUMIF('Opportunity Tracker'!M4:M203,"Won",'Opportunity Tracker'!H4:H203) -> 0 | D9: Referral | E9: =COUNTIF('Lead Tracker'!I5:I304,D9) -> 0 | F9: =COUNTIFS('Lead Tracker'!I5:I304,D9,'Lead Tracker'!M5:M304,"Met")+COUNTIFS('Lead Tracker'!I5:I304,D9,'Lead Tracker'!M5:M304,"Engaged")+COUNTIFS('Lead Tracker'!I5:I304,D9,'Lead Tracker'!M5:M304,"Potential Opportunity")+COUNTIFS('Lead Tracker'!I5:I304,D9,'Lead Tracker'!M5:M304,"Active Opportunity") -> 0 | G9: =COUNTIF('Opportunity Tracker'!E4:E203,D9) -> 0 | H9: =COUNTIFS('Opportunity Tracker'!E4:E203,D9,'Opportunity Tracker'!M4:M203,"Won") -> 0
A10: Win Rate | B10: =IFERROR(COUNTIF('Opportunity Tracker'!M4:M203,"Won")/(COUNTIF('Opportunity Tracker'!M4:M203,"Won")+COUNTIF('Opportunity Tracker'!M4:M203,"Lost")),0) -> 0 | D10: Existing Contact | E10: =COUNTIF('Lead Tracker'!I5:I304,D10) -> 0 | F10: =COUNTIFS('Lead Tracker'!I5:I304,D10,'Lead Tracker'!M5:M304,"Met")+COUNTIFS('Lead Tracker'!I5:I304,D10,'Lead Tracker'!M5:M304,"Engaged")+COUNTIFS('Lead Tracker'!I5:I304,D10,'Lead Tracker'!M5:M304,"Potential Opportunity")+COUNTIFS('Lead Tracker'!I5:I304,D10,'Lead Tracker'!M5:M304,"Active Opportunity") -> 0 | G10: =COUNTIF('Opportunity Tracker'!E4:E203,D10) -> 0 | H10: =COUNTIFS('Opportunity Tracker'!E4:E203,D10,'Opportunity Tracker'!M4:M203,"Won") -> 0
A11: Overdue Follow-ups | B11: =COUNTIF('Lead Tracker'!AI5:AI304,"<0") -> 0 | D11: Website Inquiry | E11: =COUNTIF('Lead Tracker'!I5:I304,D11) -> 0 | F11: =COUNTIFS('Lead Tracker'!I5:I304,D11,'Lead Tracker'!M5:M304,"Met")+COUNTIFS('Lead Tracker'!I5:I304,D11,'Lead Tracker'!M5:M304,"Engaged")+COUNTIFS('Lead Tracker'!I5:I304,D11,'Lead Tracker'!M5:M304,"Potential Opportunity")+COUNTIFS('Lead Tracker'!I5:I304,D11,'Lead Tracker'!M5:M304,"Active Opportunity") -> 0 | G11: =COUNTIF('Opportunity Tracker'!E4:E203,D11) -> 0 | H11: =COUNTIFS('Opportunity Tracker'!E4:E203,D11,'Opportunity Tracker'!M4:M203,"Won") -> 0
D12: Other | E12: =COUNTIF('Lead Tracker'!I5:I304,D12) -> 0 | F12: =COUNTIFS('Lead Tracker'!I5:I304,D12,'Lead Tracker'!M5:M304,"Met")+COUNTIFS('Lead Tracker'!I5:I304,D12,'Lead Tracker'!M5:M304,"Engaged")+COUNTIFS('Lead Tracker'!I5:I304,D12,'Lead Tracker'!M5:M304,"Potential Opportunity")+COUNTIFS('Lead Tracker'!I5:I304,D12,'Lead Tracker'!M5:M304,"Active Opportunity") -> 0 | G12: =COUNTIF('Opportunity Tracker'!E4:E203,D12) -> 0 | H12: =COUNTIFS('Opportunity Tracker'!E4:E203,D12,'Opportunity Tracker'!M4:M203,"Won") -> 0

Sheet Cadence & Scripts
A1: PGGC Email Cadence & Script Guide
A3: Motion | B3: Timing | C3: Purpose | D3: Subject / Opening | E3: Core Message | F3: Next Step
A4: Cold Outreach | B4: Day 1 | C4: Introduce PGGC | D4: PG Consultants introduction | E4: Who PGGC is, why the contact is relevant, concise credibility statement | F4: Ask for a brief introductory conversation
A5: Cold Outreach | B5: Day 7–10 | C5: Follow up | D5: Follow-up to initial note | E5: Remind them why PGGC may be relevant | F5: Ask whether a short conversation is useful or not a current priority
A6: Cold Outreach | B6: Day 21–28 | C6: Final active follow-up | D6: Final attempt to connect | E6: Leave the door open without pressure | F6: Stop active pursuit after this touch
A7: Event Outreach | B7: 2–3 weeks before | C7: Schedule event meeting | D7: Saw you will be at [Event] | E7: Explain why it would be useful to meet | F7: Suggest 15 minutes / coffee
A8: Event Outreach | B8: 5–7 days before | C8: Reduce friction | D8: Circling back before [Event] | E8: Keep meeting informal | F8: Connect if schedules line up
A9: Post-Event | B9: Within 24 hours | C9: Convert meeting to relationship | D9: Reference actual discussion | E9: Mention the specific issue or project discussed | F9: Assign a concrete next action
A10: Lead Nurture | B10: Every 8–12 weeks | C10: Maintain awareness | D10: Relevant case study / technical insight | E10: Provide useful evidence of expertise | F10: No pressure; stay visible
A11: Dormant Opportunity | B11: Based on known timing | C11: Reassess opportunity | D11: Reference prior project | E11: Ask what has changed | F11: Update status and next action
A14: Operating Rules
A15: 1 | B15: Every meaningful contact is entered into the Lead Tracker.
A16: 2 | B16: After meeting someone, follow up within approximately 24 hours.
A17: 3 | B17: Every active contact has a Next Action and Next Action Date.
A18: 4 | B18: Cold outreach is targeted and customized. Do not use purchased lists.
A19: 5 | B19: After three unanswered cold emails, stop active pursuit.
A20: 6 | B20: Nurture approximately every 8–12 weeks when there is an appropriate CASL basis.
A21: 7 | B21: Use case studies and technical evidence as reasons to reconnect.
A22: 8 | B22: Track lead source so PGGC can compare which activities produce meetings, opportunities, wins and revenue.

Sheet CASL Notes
A1: PGGC CASL Working Notes
A3: Requirement | B3: Working Rule for PGGC | C3: What to Record | D3: Reference
A4: Consent / valid basis | B4: Before sending a commercial email, identify the basis on which PGGC is permitted to contact the person. | C4: CASL Basis, source of address, date obtained | D4: https://crtc.gc.ca/eng/com500/guide.htm
A5: Conspicuous publication | B5: A publicly posted business email is not automatically permission. The message must be relevant to the person's business role and there must be no statement against unsolicited messages. | C5: Where email was found and why outreach is role-relevant | D5: https://crtc.gc.ca/eng/com500/guide.htm
A6: Sender identification | B6: Commercial emails should identify the sender and provide required contact information. | C6: Handled in Angel's signature / email footer | D6: https://crtc.gc.ca/eng/com500/guide.htm
A7: Unsubscribe | B7: Where CASL requires an unsubscribe mechanism, requests must be implemented within 10 business days. Operationally, PGGC should stop immediately. | C7: Unsubscribed?, Unsubscribe Date | D7: https://crtc.gc.ca/eng/com500/faq500.htm
A8: Record keeping | B8: PGGC should be able to demonstrate its basis for sending the message. | C8: Consent / basis fields in Lead Tracker | D8: https://crtc.gc.ca/eng/com500/faq500.htm
A10: This sheet is an operating aid, not legal advice. PGGC should confirm its CASL compliance approach with qualified legal counsel if there is uncertainty.
